{"cameraMode":{"drawMode":0,"name":"Shaded","section":"Shading Mode"},"sceneLighting":true,"audioPlay":false,"sceneViewState":{"m_AlwaysRefresh":false,"showFog":true,"showSkybox":true,"showFlares":true,"showImageEffects":true,"showParticleSystems":true,"showVisualEffectGraphs":true,"m_FxEnabled":true},"in2DMode":false,"pivot":{"x":193.945068359375,"y":119.41031646728516,"z":139.51986694335938},"rotation":{"x":-0.24790692329406739,"y":0.18543662130832673,"z":-0.04830848425626755,"w":-0.9497518539428711},"size":238.71217346191407,"orthographic":false}